{
    "fixed_length": {
        "mean_reciprocal_rank": 0.777,
        "recall@k": {
            "1": 0.5706666666666667,
            "3": 0.7443333333333334,
            "5": 0.8243333333333333
        },
        "precision@k": {
            "1": 0.74,
            "3": 0.3666666666666667,
            "5": 0.24799999999999994
        }
    },
    "sentence_based": {
        "mean_reciprocal_rank": 0.6486666666666667,
        "recall@k": {
            "1": 0.46266666666666667,
            "3": 0.6426666666666666,
            "5": 0.7676666666666666
        },
        "precision@k": {
            "1": 0.66,
            "3": 0.3133333333333334,
            "5": 0.22799999999999992
        }
    },
    "semantic": {
        "mean_reciprocal_rank": 0.6629999999999999,
        "recall@k": {
            "1": 0.4416666666666667,
            "3": 0.6266666666666666,
            "5": 0.7116666666666666
        },
        "precision@k": {
            "1": 0.68,
            "3": 0.3066666666666668,
            "5": 0.2119999999999999
        }
    }
}