{
    "fixed_length": {
        "mean_reciprocal_rank": 0.777,
        "recall@k": {
            "1": 0.5706666666666667,
            "3": 0.7443333333333334,
            "5": 0.8243333333333333
        },
        "precision@k": {
            "1": 0.74,
            "3": 0.3666666666666667,
            "5": 0.24799999999999994
        }
    },
    "sentence_based": {
        "mean_reciprocal_rank": 0.6486666666666667,
        "recall@k": {
            "1": 0.46266666666666667,
            "3": 0.6426666666666666,
            "5": 0.7676666666666666
        },
        "precision@k": {
            "1": 0.66,
            "3": 0.3133333333333334,
            "5": 0.22799999999999992
        }
    },
    "semantic": {
        "0.5": {
            "mean_reciprocal_rank": 0.7113333333333334,
            "recall@k": {
                "1": 0.51,
                "3": 0.68,
                "5": 0.7583333333333334
            },
            "precision@k": {
                "1": 0.74,
                "3": 0.3333333333333334,
                "5": 0.23199999999999993
            }
        },
        "0.6": {
            "mean_reciprocal_rank": 0.6456666666666666,
            "recall@k": {
                "1": 0.39766666666666667,
                "3": 0.6476666666666666,
                "5": 0.7226666666666667
            },
            "precision@k": {
                "1": 0.6,
                "3": 0.30666666666666675,
                "5": 0.20800000000000002
            }
        },
        "0.65": {
            "mean_reciprocal_rank": 0.6356666666666666,
            "recall@k": {
                "1": 0.401,
                "3": 0.6026666666666667,
                "5": 0.6326666666666667
            },
            "precision@k": {
                "1": 0.58,
                "3": 0.29333333333333345,
                "5": 0.188
            }
        }
    },
    "multiresolution": {
        "mean_reciprocal_rank": 0.6496666666666667,
        "recall@k": {
            "1": 0.42766666666666664,
            "3": 0.5976666666666667,
            "5": 0.6916666666666665
        },
        "precision@k": {
            "1": 0.62,
            "3": 0.2933333333333334,
            "5": 0.20799999999999993
        }
    }
}