{
    "fixed_length": {
        "mean_reciprocal_rank": 0.7719999999999999,
        "recall@k": {
            "1": 0.581,
            "5": 0.8716666666666667
        },
        "precision@k": {
            "1": 0.86,
            "5": 0.272
        }
    },
    "sentence_based": {
        "mean_reciprocal_rank": 0.7816666666666667,
        "recall@k": {
            "1": 0.5976666666666667,
            "5": 0.7883333333333334
        },
        "precision@k": {
            "1": 0.8,
            "5": 0.23599999999999993
        }
    },
    "semantic": {
        "mean_reciprocal_rank": 0.6190000000000001,
        "recall@k": {
            "1": 0.3943333333333333,
            "5": 0.66
        },
        "precision@k": {
            "1": 0.58,
            "5": 0.20800000000000002
        }
    }
}